geo_key,source_site,source_listing_id,building_name,locality,lat,lng,geo_confidence,geo_notes,metro_name,metro_line,metro_walk_km,metro_walk_min,metro_car_km,metro_car_min,indiranagar_car_km,indiranagar_car_min,indiranagar_mm_min,mg_road_car_km,mg_road_car_min,mg_road_mm_min,koramangala_car_km,koramangala_car_min,koramangala_mm_min,hospital_name,hospital_walk_km,hospital_walk_min,hospital_car_km,hospital_car_min,pharmacy_name,pharmacy_walk_km,pharmacy_walk_min,pharmacy_car_km,pharmacy_car_min,gym_name,gym_walk_km,gym_walk_min,gym_car_km,gym_car_min,supermarket_name,supermarket_walk_km,supermarket_walk_min,supermarket_car_km,supermarket_car_min,instamart_name,instamart_2w_km,instamart_2w_min,captured_at
B|godrej royale woods|devanahalli,99acres,A90795844,Godrej Royale Woods,Devanahalli,13.2246839,77.6882791,building,"Resolved to 'Godrej Royale Woods, Devanahalli' (Apartment building), Boovanahalli/Chikkasanne 562110 -> building-tier. Far outer (Devanahalli ~35km N, near airport): metro impractical, nearest allowed-line station = K.R. Pura (Purple Line), 31.7km/437min walk. Instamart: NO dark store within range (nearest ~28km, Malleshpalya) -> blank. POIs = first sensible relevance result per recipe. mm_min = transit-as-shown (bus/metro fastest); mm_km blank. metro_car_km blank (lever-2 demotion).",K.R. Pura,Purple Line,31.7,437,,74,37.0,86,134,33.6,74,126,39.1,98,155,Akash Super Speciality Hospital,4.3,59,4.4,11,Rainbow Pharma-House Of Hiranandani,1.8,23,1.8,5,BODY SCULPTING FITNESS POINT (GYM),4.5,62,5.1,13,Pari Fresh Super Market,1.9,25,2.0,7,,,,2026-06-19
B|btm|btm 2nd stage,99acres,J82162400,btm,BTM 2nd Stage,12.9136984,77.606262,locality,"building_name 'btm' is junk (locality abbrev); query resolved to area 'BTM Layout 2nd Stage' (no Apartment-building type) -> locality tier; coords = area centroid; ALL metrics APPROXIMATE/locality-level. Central-south, well-connected. POIs = first sensible relevance result per recipe. Instamart = nearest labeled Swiggy dark store (relevance; may not be true serving store). mm_min = transit-as-shown; mm_km blank; metro_car_km blank (lever-2).",BTM Layout,Yellow Line,0.5,7,,6,11.0,52,49,10.4,46,54,5.2,18,36,Spurthy Hospital,1.6,22,1.9,10,"Wellness Forever Pharmacy - Kuvempu Nagar, BTM Layout",0.5,7,0.5,2,Club Fit - Available on Cult.fit (BTM Layout),1.0,14,1.2,7,Ashirwad Supermarket,0.18,3,0.17,1,Instamart Jp Nagar,5.8,22,2026-06-19
B|sowparnika ashiyana|whitefield,99acres,O91810210,Sowparnika Ashiyana,Whitefield,12.9844404,77.7955878,building,"Resolved to 'Sowparnika Ashiyana' (Apartment building), No.57/2 Samethanahalli Village 560117 -> building-tier. Sits NE of Whitefield toward Hoskote/Channasandra (further out than 'Whitefield' label implies). Nearest metro Whitefield (Kadugodi), Purple Line terminus, ~7km (not walkable; 37min car). POIs = first sensible relevance result per recipe; some Best-route car distances exceed walk (highway/one-way). Instamart = nearest labeled dark store (Gandhipura, 5.2km 2w). mm_min = transit-as-shown; mm_km blank; metro_car_km blank (lever-2).",Whitefield (Kadugodi),Purple Line,7.0,97,,37,25.7,87,74,26.8,110,81,28.0,100,130,RKB Sanjeevini Hospital,3.7,53,4.2,16,Karnataka Medicals General Stores,2.3,32,3.4,9,STOIC FIT GYM,2.4,33,3.4,9,Sangam Fresh Mart,3.2,44,4.4,14,INSTAMART GANDHIPURA,5.2,15,2026-06-19
B|colive franny|koramangala,99acres,I49070117,Colive Franny,Koramangala,12.941739,77.6193248,building,"Resolved to 'Colive Franny PG' (Student dormitory/co-living), Building No 217, Koramangala 8th Block 560095 -> building-tier (specific building). Central Koramangala. Nearest metro Silk Board (Yellow Line) 3.5km. mm_min = first-listed (Maps default, fastest-shown) transit, bus-based. POIs first sensible relevance result; note Apollo Pharmacy 6th Block name pulled to Mysore (wrong-region trap) -> used uniquely-named Lavish Pharma (8th Block, genuinely nearest). mm_km blank; metro_car_km blank (lever-2).",Silk Board,Yellow Line,3.5,50,,23,7.2,27,41,6.9,25,46,1.6,8,14,Marvel Multispeciality Hospital,3.1,43,3.6,13,Lavish Pharma (8th Block Koramangala),0.23,3,0.23,1,FUERZA - cult.fit (Koramangala),2.0,30,3.0,13,Nature's Basket (Koramangala),1.3,19,1.4,5,Instamart Koramangala,2.4,8,2026-06-19
B|sowparnika unnathi|attibele,99acres,P91825480,Sowparnika Unnathi,Attibele,12.7886965,77.7747756,building,"Resolved to 'Sowparnika Unnathi' (Apartment building), Indlebele Village, Attibele 562107 -> building-tier. Far SE outer town (~30km, near TN border). Metro Delta Electronics Bommasandra (Yellow Line southern end) ~12km, impractical to walk. Instamart BLANK - no dark store in range (nearest ~15km+ Sarjapur/Mullur). POIs first sensible relevance; pharmacy via uniquely-named Ramdev Medical to dodge Apollo wrong-region trap. mm_min=first-listed transit; mm_km blank; metro_car_km blank (lever-2).",Delta Electronics Bommasandra,Yellow Line,11.6,160,,20,34.3,72,145,33.6,74,137,28.0,52,117,N R Hospital,1.7,24,3.1,8,Ramdev Medical Attibele,0.95,13,2.4,5,Rogue Fitness Attibele,1.7,23,2.7,5,The Big Market Attibele,0.35,5,1.4,3,,,,2026-06-19
B|sowparnika indraprastha|soukya road,99acres,X90385772,Sowparnika Indraprastha,Soukya Road,12.9864935,77.8219413,building,"Resolved to 'Sowparnika Indraprastha' (Apartment building), Soukya Rd, Devalapur 562114 -> building-tier. East outer (Hoskote fringe, ~77.82). Metro Whitefield (Kadugodi)/Purple ~9km, impractical. Instamart nearest pin = Gandhipura 8.1km 2w (likely beyond practical Instamart serving range, recorded anyway). POIs first sensible relevance; supermarket via uniquely-named Veerabhadreshwara to dodge generic 'Everyday Store' misresolve. mm_min=first-listed transit; mm_km blank; metro_car_km blank (lever-2).",Whitefield (Kadugodi),Purple Line,9.2,124,,30,25.0,74,88,28.9,89,95,29.0,88,144,RKB Sanjeevini Hospital,1.5,20,1.5,5,Pooja Pharma,1.0,14,1.0,3,RR Fitness Hub,1.4,19,1.4,5,Veerabhadreshwara Supermarket,0.75,10,0.75,2,INSTAMART GANDHIPURA,8.1,18,2026-06-19
B|mantri classic|st bed,99acres,Q91989438,Mantri Classic,ST Bed,12.9336144,77.6344609,building,"Resolved to 'Mantri Classic Apartments', 8th Cross Rd, S.T. Bed, Cauvery Colony, Koramangala 560047 -> building-tier. Central. Metro Silk Board (Yellow Line) 3.4km. POIs first sensible relevance; pharmacy via uniquely-named Kaveri Pharma to dodge Apollo wrong-region trap. Note: DMart (same Cauvery Colony) is nearer than chosen first-result Nature's Basket, but kept first-result for method consistency. mm_min=first-listed transit; mm_km blank; metro_car_km blank (lever-2).",Silk Board,Yellow Line,3.4,48,,20,6.4,22,31,8.2,33,53,3.6,20,22,Life Care Hospital-LCH BTM Layout,3.7,53,4.5,25,Kaveri pharma,1.1,16,1.2,6,Iconic Fitness Koramangala 1st Block,0.8,11,1.0,5,Nature's Basket,1.7,25,1.8,8,Instamart Koramangala,1.0,4,2026-06-19
B|lalitha homes|marathahalli,99acres,G90569956,Lalitha Homes,Marathahalli,12.9710401,77.7028113,building,"Resolved to 'Lalitha Homes' (Apartment building), 8th Cross Rd, Doddanekundi, Marathahalli 560037 -> building-tier. East-central (ORR/Doddanekundi). Metro Seetharam Palya (Purple Line) 2.0km. POIs first sensible relevance; pharmacy via uniquely-named Jeevika Pharma to dodge Apollo wrong-region trap. Some Best-route car distances exceed walk (ORR/one-way detours). mm_min=first-listed transit; mm_km blank; metro_car_km blank (lever-2).",Seetharam Palya,Purple Line,2.0,27,,8,12.0,38,51,16.3,52,58,16.2,50,78,KIMS Hospitals Mahadevapura,1.7,22,3.6,13,Jeevika Pharma,0.9,12,2.2,10,Fit And Active Gym,2.7,37,3.4,15,Max Shoppee Super Market,2.7,37,3.1,12,Instamart Marathahalli AECS,3.4,12,2026-06-19
B|vasantha homes|btm layout,99acres,N90628226,Vasantha Homes,BTM Layout,12.9225357,77.6146124,building,"Resolved to 'Vasantha homes' (Building), Old Madiwala/Maruti Nagar, BTM 1st Stage 560068 -> building-tier. Central-south near Madiwala/Koramangala. Metro Silk Board (Yellow Line) 1.2km. POIs first sensible relevance; pharmacy via uniquely-named Ambika Medical to dodge Apollo wrong-region trap. mm_min=first-listed transit; mm_km blank; metro_car_km blank (lever-2).",Silk Board,Yellow Line,1.2,16,,6,9.1,34,42,7.2,32,47,1.6,10,22,Spurthy Hospital,0.55,8,0.55,4,Ambika Medical And General Stores,0.65,9,0.65,4,Iconic Fitness BTM 1st Stage Maruthi Nagar,0.17,2,0.17,1,Ashirwad Supermarket,1.7,25,1.7,7,Instamart Koramangala,3.6,12,2026-06-19
